{"cameraMode":{"drawMode":0,"name":"Shaded","section":"Shading Mode"},"sceneLighting":false,"audioPlay":false,"sceneViewState":{"m_AlwaysRefresh":false,"showFog":true,"showSkybox":false,"showFlares":true,"showImageEffects":true,"showParticleSystems":true,"showVisualEffectGraphs":true,"m_FxEnabled":true},"in2DMode":false,"pivot":{"x":-0.5477524995803833,"y":3.3104465007781984,"z":1.4615042209625245},"rotation":{"x":0.13279052078723908,"y":0.7325389385223389,"z":-0.14949224889278413,"w":0.6506984829902649},"size":1.2093778848648072,"orthographic":false}