{"cameraMode":{"drawMode":0,"name":"Shaded","section":"Shading Mode"},"sceneLighting":false,"audioPlay":false,"sceneViewState":{"m_AlwaysRefresh":false,"showFog":true,"showSkybox":false,"showFlares":true,"showImageEffects":true,"showParticleSystems":true,"showVisualEffectGraphs":true,"m_FxEnabled":true},"in2DMode":false,"pivot":{"x":-0.2419414520263672,"y":26.080974578857423,"z":-0.11838078498840332},"rotation":{"x":0.1229088306427002,"y":-0.8665531873703003,"z":0.2618102431297302,"w":0.40681517124176028},"size":1.2247449159622193,"orthographic":false}