{"cameraMode":{"drawMode":0,"name":"Shaded","section":"Shading Mode"},"sceneLighting":false,"audioPlay":false,"sceneViewState":{"m_AlwaysRefresh":false,"showFog":true,"showSkybox":false,"showFlares":true,"showImageEffects":true,"showParticleSystems":true,"showVisualEffectGraphs":true,"m_FxEnabled":true},"in2DMode":false,"pivot":{"x":4.321627616882324,"y":1.1819584369659424,"z":-0.6275414228439331},"rotation":{"x":0.11004148423671723,"y":0.7803965210914612,"z":-0.14346790313720704,"w":0.5985745191574097},"size":3.7803752422332765,"orthographic":false}