{"cameraMode":{"drawMode":0,"name":"Shaded","section":"Shading Mode"},"sceneLighting":true,"audioPlay":false,"sceneViewState":{"m_AlwaysRefresh":false,"showFog":true,"showSkybox":true,"showFlares":true,"showImageEffects":true,"showParticleSystems":true,"showVisualEffectGraphs":true,"m_FxEnabled":true},"in2DMode":false,"pivot":{"x":4.051671504974365,"y":-26.362062454223634,"z":-106.55380249023438},"rotation":{"x":0.003923115786164999,"y":0.9902554154396057,"z":-0.13632847368717194,"w":0.02852882817387581},"size":60.5396614074707,"orthographic":false}