{"cameraMode":{"drawMode":0,"name":"Shaded","section":"Shading Mode"},"sceneLighting":true,"audioPlay":false,"sceneViewState":{"m_AlwaysRefresh":false,"showFog":true,"showSkybox":true,"showFlares":true,"showImageEffects":true,"showParticleSystems":true,"showVisualEffectGraphs":true,"m_FxEnabled":true},"in2DMode":false,"pivot":{"x":3.894895553588867,"y":2.5703821182250978,"z":-2.847900867462158},"rotation":{"x":0.021018194034695627,"y":0.8443100452423096,"z":-0.033206868916749957,"w":0.5344126224517822},"size":2.8703958988189699,"orthographic":false}