{"cameraMode":{"drawMode":0,"name":"Shaded","section":"Shading Mode"},"sceneLighting":true,"audioPlay":false,"sceneViewState":{"m_AlwaysRefresh":false,"showFog":true,"showSkybox":true,"showFlares":true,"showImageEffects":true,"showParticleSystems":true,"showVisualEffectGraphs":true,"m_FxEnabled":true},"in2DMode":false,"pivot":{"x":2.6182000637054445,"y":0.5605030059814453,"z":3.927915334701538},"rotation":{"x":0.2841009199619293,"y":-0.08354673534631729,"z":0.02487654611468315,"w":0.9548335075378418},"size":2.9762744903564455,"orthographic":false}